	Score	MoE	P-Value	Q-Value
HP_APNEIC_EPISODES_PRECIPITATED_BY_ILLNESS_FATIGUE_STRESS	0.577930262226639	0.2934207705302779	0.0865931126713473	0.5820224719101125
PDHA1	0.5714704962506106	0.0736799493004934	0.1058365758754863	0.9692110655737703
SLC25A1	0.5209571579473798	0.188535730880611	0.1316190153950262	0.996640872317974
MYO9A	0.0049113989818958	0.2617108722643385	0.4925111374273953	0.8833518762010721
CHRNE	-0.2958630441027764	0.2791766248879357	0.3147634354029211	0.8080474743088726
SYT2	-0.2998686299343827	0.2948322191409369	0.3106129814470196	0.8051993573827954
AGRN	-0.3051789539001295	0.298796688795045	0.3052275418710878	0.8032716506291636
VAMP1	-0.5802120237307039	0.0855171473859711	0.0755991653978458	0.7184322033898305
