	Score	MoE	P-Value	Q-Value
CD4+ in Celiac Disease 1	-0.09597022945498891	0.15588037637728824	0.4600802407221665	0.9337381916329285
CD4+ in Celiac Disease 2	-0.6220381641907572	0.05771778486190531	0.035272484119023735	0.48206278026905824
