	Score	MoE	P-Value	Q-Value
SCC2 Hippo Pathway	0.6075037237991412	0.11225843950328786	0.04345942184831425	1.0
Cancer Stem Cell	0.4431330491670753	0.11312476430254302	0.11485862483395534	1.0
Yamanaka Factors	0.327040373146777	0.1285299809155752	0.18314883926877096	1.0
CD4+ in Celiac Disease 2	0.18281341825466796	0.08229194802404101	0.3294958567904358	1.0
NIH3T3 MCD10A Hippo Pathway	-0.14126179778930129	0.16789120565219154	0.3847681700297299	1.0
Normal Stem Cell	-0.18605010343162348	0.1399902596040192	0.3094945916882788	1.0
CD4+ in Celiac Disease 1	-0.19946702539461364	0.14069687284939367	0.2906129419950661	1.0
Hippo Pathway	-0.21240636111383404	0.1776409782100183	0.27423619457271176	1.0
Mechanism Hippo Pathway	-0.32579881431022306	0.07025583464027393	0.17496995382377126	1.0
