	Score	MoE	P-Value	Q-Value
HALLMARK_MYC_TARGETS_V2	0.7661764262143258	0.06225955186719887	0.01808759612169843	0.3895104895104895
HALLMARK_INTERFERON_ALPHA_RESPONSE	0.433564367927569	0.32280223792892143	0.16803744567034437	0.7200573065902579
HALLMARK_MYC_TARGETS_V1	0.26847389225609053	0.24771355993651786	0.3332998996990973	0.8697735191637631
HALLMARK_DNA_REPAIR	0.24034893820906675	0.37595734874269376	0.3626546305583417	0.8828061638280617
HALLMARK_UNFOLDED_PROTEIN_RESPONSE	0.15423588638942806	0.2780466092315825	0.44008692744901373	0.9314002828854315
HALLMARK_OXIDATIVE_PHOSPHORYLATION	-0.37593489716094364	0.26709464666091803	0.21681711802072887	0.8745849297573435
HALLMARK_E2F_TARGETS	-0.8382321041047897	0.01513837815417632	0.0056837178201270475	0.37083333333333335
