	Score	MoE	P-Value	Q-Value
TBK1.DN.48HRS_DN	0.4212671934139498	0.06140799900122925	0.16211969241056504	0.8962025316455696
