	Score	MoE	P-Value	Q-Value
HP_APNEIC_EPISODES_PRECIPITATED_BY_ILLNESS_FATIGUE_STRESS	0.6570580103523244	0.0955306443165528	0.0299231026412571	0.5967320261437908
SLC25A1	0.6064239829048169	0.0662531281145092	0.038442451925788	0.6207272727272727
PDHA1	0.5397028756376806	0.0800626840651041	0.0693170924265493	0.7658566978193146
MYO9A	-0.0707325056952718	0.1204831070006619	0.4652117521006034	0.8458525581872245
VAMP1	-0.140539445200621	0.1697901724550956	0.4208988890768623	0.8145117294053463
SYT2	-0.1601943806330723	0.181233127880384	0.4048779112389331	0.8078287868707029
CHRNE	-0.3225533893177686	0.1061826413687016	0.224045564766255	0.6766848196051736
AGRN	-0.3787470677370841	0.1528930429144503	0.1530761856425872	0.6396575751542902
