	Score	MoE	P-Value	Q-Value
HALLMARK_E2F_TARGETS	0.5102125733083287	0.05152983704150498	0.09478435305917753	0.811830985915493
HALLMARK_MYC_TARGETS_V1	0.5034581717306924	0.13592745167642123	0.10006686726847208	0.8174603174603174
HALLMARK_DNA_REPAIR	0.5019495129844844	0.15153889263923417	0.10103644266131728	0.8174603174603174
HALLMARK_OXIDATIVE_PHOSPHORYLATION	0.448717099357986	0.08131744045514161	0.14068873286526246	0.8683467741935484
HALLMARK_INTERFERON_ALPHA_RESPONSE	0.17295718154829676	0.19752391217459073	0.4305917753259779	0.9827225130890053
HALLMARK_MYC_TARGETS_V2	-0.1974974119817689	0.12377242380419835	0.40882647943831496	0.9912770411723657
HALLMARK_UNFOLDED_PROTEIN_RESPONSE	-0.2625105371760886	0.13505432112593183	0.31634904714142426	0.9700201207243461
