	Score	MoE	P-Value	Q-Value
TBK1.DN.48HRS_DN	-0.3116863372310013	0.243124522307724	0.23684386492811768	0.800901916572717
