	Score	MoE	P-Value	Q-Value
SCC2 Hippo Pathway	0.6075037237991412	0.11225843950328786	0.04082253676979114	1.0
CD4+ in Celiac Disease 2	0.18281341825466796	0.08229194802404101	0.3277790585089216	1.0
CD4+ in Celiac Disease 1	-0.19946702539461364	0.14069687284939367	0.2936142745170363	1.0
