	Score	MoE	P-Value	Q-Value
SLC16A1	0.6507903998529648	0.0373428374123073	0.0334743134269441	0.5890743073047859
CACNA1S	0.5468433645515713	0.0909102886817897	0.0677550329893419	0.5890743073047859
AMPD3	0.4691573860513587	0.1596816447795963	0.1107934359668414	0.5906547619047618
PGK1	0.3547834506878506	0.1139968578363202	0.2074945017763491	0.6730382293762576
CRELD1	0.0918467865345256	0.1391374291614127	0.4677888682118085	0.9188686593321
HP_EXERCISE_INDUCED_MUSCLE_FATIGUE	-0.2166124217644539	0.164072771074218	0.3828819792711467	0.9825904121110176
TRAPPC11	-0.5454776425625032	0.0589300768794558	0.082230869001297	0.9919546128406888
GATA6	-0.6295926737908627	0.0486232922462138	0.0379462019962781	0.9919546128406888
