	Score	MoE	P-Value	Q-Value
SCC2 Hippo Pathway	0.7541557927705022	0.04924276066348681	0.03275349484470871	1.0
NIH3T3 MCD10A Hippo Pathway	0.6921004068725656	0.08430208992079391	0.050626225567714594	1.0
Mechanism Hippo Pathway	0.6672904308497042	0.14883607126306245	0.05925105952305649	1.0
Yamanaka Factors	0.28499198809734533	0.32391217383706083	0.32313555569612246	1.0
CD4+ in Celiac Disease 1	0.2160069515393959	0.17952741000394043	0.39116009867796825	1.0
Cancer Stem Cell	0.12734436312719122	0.27533606936169336	0.4865045227402113	1.0
Hippo Pathway	0.1003352079177147	0.2708806282507848	0.4880194825732178	1.0
CD4+ in Celiac Disease 2	-0.09415841797329078	0.27650299485619406	0.3893541653488519	1.0
Normal Stem Cell	-0.4021024421701863	0.33470139969794915	0.14132456195837814	1.0
