	Score	MoE	P-Value	Q-Value
CD4+ in Celiac Disease 1	-0.3045388030635775	0.18224056537269695	0.2594115680374457	0.9578371810449574
CD4+ in Celiac Disease 2	-0.3806105844121083	0.20455200799941087	0.17763289869608825	0.9120954003407155
