	Score	MoE	P-Value	Q-Value
SCC2 Hippo Pathway	0.08883957718739305	0.062407977151156924	0.4965236753612651	0.7491237322515213
CD4+ in Celiac Disease 1	-0.21955895681234783	0.056438078407816686	0.3681250568026902	0.6776597524255603
CD4+ in Celiac Disease 2	-0.5674186242396887	0.02380216725581834	0.05226029264745979	0.4035904628330996
