	Score	MoE	P-Value	Q-Value
TBK1.DN.48HRS_DN	0.2730248676041251	0.35471414604429236	0.32898696088264795	0.8696491228070176
