	Score	MoE	P-Value	Q-Value
CRELD1	0.6117141660657712	0.0485682067750053	0.0366717419500366	0.6093779015784586
GATA6	0.3204071764416795	0.2278955343123411	0.2632211131788191	0.9732792014302742
SLC16A1	0.2404957092178519	0.2404661646078682	0.3584616252185191	0.951371237458194
AMPD3	0.1367914224004216	0.1758975372561617	0.4647267805785823	0.8994409702482471
TRAPPC11	-0.1331325222380212	0.1946666555682883	0.426752382563582	0.818846694796062
HP_EXERCISE_INDUCED_MUSCLE_FATIGUE	-0.3326766212149797	0.0611283077620778	0.2120695419592109	0.7753958587088915
CACNA1S	-0.4175299921523791	0.1557249356091098	0.1271922404556476	0.6396575751542902
PGK1	-0.6351391655478105	0.075028068070948	0.0286133197992443	0.6031952662721893
