	Score	MoE	P-Value	Q-Value
SCC2 Hippo Pathway	0.7541557927705022	0.04924276066348681	0.03463506846788695	1.0
CD4+ in Celiac Disease 1	0.2160069515393959	0.17952741000394043	0.4107151090414496	1.0
CD4+ in Celiac Disease 2	-0.09415841797329078	0.27650299485619406	0.3658767116971737	1.0
