	Score	MoE	P-Value	Q-Value
AGRN	0.4931063099468922	0.1061955608578786	0.096430384029775	0.5890743073047859
PDHA1	0.4810024449712817	0.0874520355904369	0.1033384086167033	0.5890743073047859
MYO9A	0.4616815598381066	0.1752859754599417	0.1159984210229515	0.5908477321814254
HP_APNEIC_EPISODES_PRECIPITATED_BY_ILLNESS_FATIGUE_STRESS	0.3489361041892989	0.1393821442309222	0.2248746238716148	0.9156908665105388
CHRNE	0.2361396321091488	0.1618173603941421	0.3679185698979304	0.8180940438871473
SLC25A1	0.1538842721218906	0.1478542806416965	0.4983364348953927	0.9116392940936447
VAMP1	0.0908241474509727	0.1819256295632468	0.4673828455422094	0.9188763175708348
SYT2	0.069997970937377	0.1636920712752189	0.4620143235775109	0.9200655042866775
