	Score	MoE	P-Value	Q-Value
CD4+ in Celiac Disease 1	0.36635250770167155	0.30070115947724324	0.2272484119023738	0.7832949308755761
CD4+ in Celiac Disease 2	-0.5783555831980189	0.2010330415852846	0.08505516549648946	0.6776315789473685
