	Score	MoE	P-Value	Q-Value
SCC2 Hippo Pathway	0.22811526663164614	0.10353275839788387	0.3695846587294374	0.9054723271838185
CD4+ in Celiac Disease 1	-0.24912518815894394	0.09226947976590752	0.35978278651276924	0.9756196107415619
CD4+ in Celiac Disease 2	-0.6086405931240335	0.09059717102992083	0.08056257384349723	0.7317131147540983
